id,name,email,phone
68307,Aimee Lübke,aimee_lbke48@hugo.com,+49-646-9705926
92593,Sebastian Strunz,sebastian.strunz93@sophie.de,+49-446-4270356
94,Sami Janke,sami62@daniela.name,+49-247-2784698
76997,Maik Ladewig,maik.ladewig@ömer.de,(0772) 045786896
51841,Louisa Jungbluth,louisa_jungbluth@tiago.org,(00366) 3677496
83380,Joleen Dauer,joleen.dauer@dennis.de,+49-728-0063487
36596,Fabien Soboll,fabien_soboll10@lorenzo.org,(0163) 804278684
97819,Enie Erwes,enie_erwes42@milo.ch,+49-337-7225568
71615,Maira Metzner,maira42@florentine.net,+49-3787-66791163
67588,Cedrik Schröder,cedrik.schrder@eveline.info,+49-2398-27469390